;01.11;Culture de cereales (a l'exception du riz), de legumineuses et de graines oleagineuses;
;01.11Z;Culture de cereales (a l'exception du riz), de legumineuses et de graines oleagineuses;
;01.12;Culture du riz;
;01.12Z;Culture du riz;
;01.13;Culture de legumes, de melons, de racines et de tubercules;
;01.13Z;Culture de legumes, de melons, de racines et de tubercules;
;01.14;Culture de la canne a sucre;
;01.14Z;Culture de la canne a sucre;
;01.15;Culture du tabac;
;01.15Z;Culture du tabac;
;01.16;Culture de plantes a fibres;
;01.16Z;Culture de plantes a fibres;
;01.19;Autres cultures non permanentes;
;01.19Z;Autres cultures non permanentes;
;01.21;Culture de la vigne;
;01.21Z;Culture de la vigne;
;01.22;Culture de fruits tropicaux et subtropicaux;
;01.22Z;Culture de fruits tropicaux et subtropicaux;
;01.23;Culture d'agrumes;
;01.23Z;Culture d'agrumes;
;01.24;Culture de fruits a pepins et a noyau;
;01.24Z;Culture de fruits a pepins et a noyau;
;01.25;Culture d'autres fruits d'arbres ou d'arbustes et de fruits a coque;
;01.25Z;Culture d'autres fruits d'arbres ou d'arbustes et de fruits a coque;
;01.26;Culture de fruits oleagineux;
;01.26Z;Culture de fruits oleagineux;
;01.27;Culture de plantes a boissons;
;01.27Z;Culture de plantes a boissons;
;01.28;Culture de plantes a epices, aromatiques, medicinales et pharmaceutiques;
;01.28Z;Culture de plantes a epices, aromatiques, medicinales et pharmaceutiques;
;01.29;Autres cultures permanentes;
;01.29Z;Autres cultures permanentes;
;01.30;Reproduction de plantes;
;01.30Z;Reproduction de plantes;
;01.41;elevage de vaches laitieres;
;01.41Z;elevage de vaches laitieres;
;01.42;elevage d'autres bovins et de buffles;
;01.42Z;elevage d'autres bovins et de buffles;
;01.43;elevage de chevaux et d'autres equides;
;01.43Z;elevage de chevaux et d'autres equides;
;01.44;elevage de chameaux et d'autres camelides;
;01.44Z;elevage de chameaux et d'autres camelides;
;01.45;elevage d'ovins et de caprins;
;01.45Z;elevage d'ovins et de caprins;
;01.46;elevage de porcins;
;01.46Z;elevage de porcins;
;01.47;elevage de volailles;
;01.47Z;elevage de volailles;
;01.49;elevage d'autres animaux;
;01.49Z;elevage d'autres animaux;
;01.50;Culture et elevage associes;
;01.50Z;Culture et elevage associes;
;01.61;Activites de soutien aux cultures;
;01.61Z;Activites de soutien aux cultures;
;01.62;Activites de soutien a la production animale;
;01.62Z;Activites de soutien a la production animale;
;01.63;Traitement primaire des recoltes;
;01.63Z;Traitement primaire des recoltes;
;01.64;Traitement des semences;
;01.64Z;Traitement des semences;
;01.70;Chasse, piegeage et services annexes;
;01.70Z;Chasse, piegeage et services annexes;
;02.10;Sylviculture et autres activites forestieres;
;02.10Z;Sylviculture et autres activites forestieres;
;02.20;Exploitation forestiere;
;02.20Z;Exploitation forestiere;
;02.30;Recolte de produits forestiers non ligneux poussant a l'etat sauvage;
;02.30Z;Recolte de produits forestiers non ligneux poussant a l'etat sauvage;
;02.40;Services de soutien a l'exploitation forestiere;
;02.40Z;Services de soutien a l'exploitation forestiere;
;03.11;Peche en mer;
;03.11Z;Peche en mer;
;03.12;Peche en eau douce;
;03.12Z;Peche en eau douce;
;03.21;Aquaculture en mer;
;03.21Z;Aquaculture en mer;
;03.22;Aquaculture en eau douce;
;03.22Z;Aquaculture en eau douce;
;05.10;Extraction de houille;
;05.10Z;Extraction de houille;
;05.20;Extraction de lignite;
;05.20Z;Extraction de lignite;
;06.10;Extraction de petrole brut;
;06.10Z;Extraction de petrole brut;
;06.20;Extraction de gaz naturel;
;06.20Z;Extraction de gaz naturel;
;07.10;Extraction de minerais de fer;
;07.10Z;Extraction de minerais de fer;
;07.21;Extraction de minerais d'uranium et de thorium;
;07.21Z;Extraction de minerais d'uranium et de thorium;
;07.29;Extraction d'autres minerais de metaux non ferreux;
;07.29Z;Extraction d'autres minerais de metaux non ferreux;
;08.11;Extraction de pierres ornementales et de construction, de calcaire industriel, de gypse, de craie et d'ardoise;
;08.11Z;Extraction de pierres ornementales et de construction, de calcaire industriel, de gypse, de craie et d'ardoise;
;08.12;Exploitation de gravieres et sablieres, extraction d’argiles et de kaolin;
;08.12Z;Exploitation de gravieres et sablieres, extraction d’argiles et de kaolin;
;08.91;Extraction des mineraux chimiques et d'engrais mineraux ;
;08.91Z;Extraction des mineraux chimiques et d'engrais mineraux ;
;08.92;Extraction de tourbe;
;08.92Z;Extraction de tourbe;
;08.93;Production de sel ;
;08.93Z;Production de sel ;
;08.99;Autres activites extractives n.c.a.;
;08.99Z;Autres activites extractives n.c.a.;
;09.10;Activites de soutien a l'extraction d'hydrocarbures;
;09.10Z;Activites de soutien a l'extraction d'hydrocarbures;
;09.90;Activites de soutien aux autres industries extractives ;
;09.90Z;Activites de soutien aux autres industries extractives ;
;10.11;Transformation et conservation de la viande de boucherie;
;10.11Z;Transformation et conservation de la viande de boucherie;
;10.12;Transformation et conservation de la viande de volaille;
;10.12Z;Transformation et conservation de la viande de volaille;
;10.13;Preparation de produits a base de viande;
;10.13A;Preparation industrielle de produits a base de viande;
;10.13B;Charcuterie;
;10.20;Transformation et conservation de poisson, de crustaces et de mollusques;
;10.20Z;Transformation et conservation de poisson, de crustaces et de mollusques;
;10.31;Transformation et conservation de pommes de terre;
;10.31Z;Transformation et conservation de pommes de terre;
;10.32;Preparation de jus de fruits et legumes;
;10.32Z;Preparation de jus de fruits et legumes;
;10.39;Autre transformation et conservation de fruits et legumes;
;10.39A;Autre transformation et conservation de legumes;
;10.39B;Transformation et conservation de fruits;
;10.41;Fabrication d'huiles et graisses;
;10.41A;Fabrication d'huiles et graisses brutes;
;10.41B;Fabrication d'huiles et graisses raffinees;
;10.42;Fabrication de margarine et graisses comestibles similaires;
;10.42Z;Fabrication de margarine et graisses comestibles similaires;
;10.51;Exploitation de laiteries et fabrication de fromage;
;10.51A;Fabrication de lait liquide et de produits frais;
;10.51B;Fabrication de beurre;
;10.51C;Fabrication de fromage;
;10.51D;Fabrication d'autres produits laitiers;
;10.52;Fabrication de glaces et sorbets;
;10.52Z;Fabrication de glaces et sorbets;
;10.61;Travail des grains;
;10.61A;Meunerie;
;10.61B;Autres activites du travail des grains;
;10.62;Fabrication de produits amylaces;
;10.62Z;Fabrication de produits amylaces;
;10.71;Fabrication de pain et de patisserie fraîche;
;10.71A;Fabrication industrielle de pain et de patisserie fraîche;
;10.71B;Cuisson de produits de boulangerie;
;10.71C;Boulangerie et boulangerie-patisserie;
;10.71D;Patisserie;
;10.72;Fabrication de biscuits, biscottes et patisseries de conservation;
;10.72Z;Fabrication de biscuits, biscottes et patisseries de conservation;
;10.73;Fabrication de pates alimentaires;
;10.73Z;Fabrication de pates alimentaires;
;10.81;Fabrication de sucre;
;10.81Z;Fabrication de sucre;
;10.82;Fabrication de cacao, chocolat et de produits de confiserie;
;10.82Z;Fabrication de cacao, chocolat et de produits de confiserie;
;10.83;Transformation du the et du cafe;
;10.83Z;Transformation du the et du cafe;
;10.84;Fabrication de condiments et assaisonnements;
;10.84Z;Fabrication de condiments et assaisonnements;
;10.85;Fabrication de plats prepares;
;10.85Z;Fabrication de plats prepares;
;10.86;Fabrication d'aliments homogeneises et dietetiques;
;10.86Z;Fabrication d'aliments homogeneises et dietetiques;
;10.89;Fabrication d'autres produits alimentaires n.c.a.;
;10.89Z;Fabrication d'autres produits alimentaires n.c.a.;
;10.91;Fabrication d'aliments pour animaux de ferme;
;10.91Z;Fabrication d'aliments pour animaux de ferme;
;10.92;Fabrication d'aliments pour animaux de compagnie;
;10.92Z;Fabrication d'aliments pour animaux de compagnie;
;11.01;Production de boissons alcooliques distillees;
;11.01Z;Production de boissons alcooliques distillees;
;11.02;Production de vin (de raisin);
;11.02A;Fabrication de vins effervescents;
;11.02B;Vinification;
;11.03;Fabrication de cidre et de vins de fruits  ;
;11.03Z;Fabrication de cidre et de vins de fruits ;
;11.04;Production d'autres boissons fermentees non distillees;
;11.04Z;Production d'autres boissons fermentees non distillees;
;11.05;Fabrication de biere;
;11.05Z;Fabrication de biere;
;11.06;Fabrication de malt;
;11.06Z;Fabrication de malt;
;11.07;Industrie des eaux minerales et autres eaux embouteillees et des boissons rafraîchissantes;
;11.07A;Industrie des eaux de table;
;11.07B;Production de boissons rafraîchissantes;
;12.00;Fabrication de produits a base de tabac;
;12.00Z;Fabrication de produits a base de tabac;
;13.10;Preparation de fibres textiles et filature;
;13.10Z;Preparation de fibres textiles et filature;
;13.20;Tissage;
;13.20Z;Tissage;
;13.30;Ennoblissement textile;
;13.30Z;Ennoblissement textile;
;13.91;Fabrication d'etoffes a mailles;
;13.91Z;Fabrication d'etoffes a mailles;
;13.92;Fabrication d'articles textiles, sauf habillement;
;13.92Z;Fabrication d'articles textiles, sauf habillement;
;13.93;Fabrication de tapis et moquettes;
;13.93Z;Fabrication de tapis et moquettes;
;13.94;Fabrication de ficelles, cordes et filets;
;13.94Z;Fabrication de ficelles, cordes et filets;
;13.95;Fabrication de non-tisses, sauf habillement;
;13.95Z;Fabrication de non-tisses, sauf habillement;
;13.96;Fabrication d'autres textiles techniques et industriels;
;13.96Z;Fabrication d'autres textiles techniques et industriels;
;13.99;Fabrication d'autres textiles n.c.a.;
;13.99Z;Fabrication d'autres textiles n.c.a.;
;14.11;Fabrication de vetements en cuir;
;14.11Z;Fabrication de vetements en cuir;
;14.12;Fabrication de vetements de travail;
;14.12Z;Fabrication de vetements de travail;
;14.13;Fabrication de vetements de dessus;
;14.13Z;Fabrication de vetements de dessus;
;14.14;Fabrication de vetements de dessous;
;14.14Z;Fabrication de vetements de dessous;
;14.19;Fabrication d'autres vetements et accessoires;
;14.19Z;Fabrication d'autres vetements et accessoires;
;14.20;Fabrication d'articles en fourrure;
;14.20Z;Fabrication d'articles en fourrure;
;14.31;Fabrication d'articles chaussants a mailles;
;14.31Z;Fabrication d'articles chaussants a mailles;
;14.39;Fabrication d'autres articles a mailles;
;14.39Z;Fabrication d'autres articles a mailles;
;15.11;"Appret et tannage des cuirs ; preparation et teinture des fourrures";
;15.11Z;"Appret et tannage des cuirs ; preparation et teinture des fourrures";
;15.12;Fabrication d'articles de voyage, de maroquinerie et de sellerie;
;15.12Z;Fabrication d'articles de voyage, de maroquinerie et de sellerie;
;15.20;Fabrication de chaussures;
;15.20Z;Fabrication de chaussures;
;16.10;Sciage et rabotage du bois;
;16.10A;Sciage et rabotage du bois, hors impregnation;
;16.10B;Impregnation du bois;
;16.21;Fabrication de placage et de panneaux de bois;
;16.21Z;Fabrication de placage et de panneaux de bois;
;16.22;Fabrication de parquets assembles;
;16.22Z;Fabrication de parquets assembles;
;16.23;Fabrication de charpentes et d'autres menuiseries;
;16.23Z;Fabrication de charpentes et d'autres menuiseries;
;16.24;Fabrication d'emballages en bois;
;16.24Z;Fabrication d'emballages en bois;
;16.29;"Fabrication d'objets divers en bois ; fabrication d'objets en liege, vannerie et sparterie";
;16.29Z;"Fabrication d'objets divers en bois ; fabrication d'objets en liege, vannerie et sparterie";
;17.11;Fabrication de pate a papier;
;17.11Z;Fabrication de pate a papier;
;17.12;Fabrication de papier et de carton;
;17.12Z;Fabrication de papier et de carton;
;17.21;Fabrication de papier et carton ondules et d'emballages en papier ou en carton;
;17.21A;Fabrication de carton ondule;
;17.21B;Fabrication de cartonnages ;
;17.21C;Fabrication d'emballages en papier;
;17.22;Fabrication d'articles en papier a usage sanitaire ou domestique;
;17.22Z;Fabrication d'articles en papier a usage sanitaire ou domestique;
;17.23;Fabrication d'articles de papeterie;
;17.23Z;Fabrication d'articles de papeterie;
;17.24;Fabrication de papiers peints;
;17.24Z;Fabrication de papiers peints;
;17.29;Fabrication d'autres articles en papier ou en carton;
;17.29Z;Fabrication d'autres articles en papier ou en carton;
;18.11;Imprimerie de journaux;
;18.11Z;Imprimerie de journaux;
;18.12;Autre imprimerie (labeur);
;18.12Z;Autre imprimerie (labeur);
;18.13;Activites de pre-presse ;
;18.13Z;Activites de pre-presse ;
;18.14;Reliure et activites connexes;
;18.14Z;Reliure et activites connexes;
;18.20;Reproduction d'enregistrements;
;18.20Z;Reproduction d'enregistrements;
;19.10;Cokefaction;
;19.10Z;Cokefaction;
;19.20;Raffinage du petrole;
;19.20Z;Raffinage du petrole;
;20.11;Fabrication de gaz industriels;
;20.11Z;Fabrication de gaz industriels;
;20.12;Fabrication de colorants et de pigments;
;20.12Z;Fabrication de colorants et de pigments;
;20.13;Fabrication d'autres produits chimiques inorganiques de base;
;20.13A;Enrichissement et  retraitement de matieres nucleaires;
;20.13B;Fabrication d'autres produits chimiques inorganiques de base n.c.a.;
;20.14;Fabrication d'autres produits chimiques organiques de base;
;20.14Z;Fabrication d'autres produits chimiques organiques de base;
;20.15;Fabrication de produits azotes et d'engrais;
;20.15Z;Fabrication de produits azotes et d'engrais;
;20.16;Fabrication de matieres plastiques de base;
;20.16Z;Fabrication de matieres plastiques de base;
;20.17;Fabrication de caoutchouc synthetique;
;20.17Z;Fabrication de caoutchouc synthetique;
;20.20;Fabrication de pesticides et d’autres produits agrochimiques;
;20.20Z;Fabrication de pesticides et d’autres produits agrochimiques;
;20.30;Fabrication de peintures, vernis, encres et mastics;
;20.30Z;Fabrication de peintures, vernis, encres et mastics;
;20.41;Fabrication de savons, detergents et produits d'entretien;
;20.41Z;Fabrication de savons, detergents et produits d'entretien;
;20.42;Fabrication de parfums et de produits pour la toilette;
;20.42Z;Fabrication de parfums et de produits pour la toilette;
;20.51;Fabrication de produits explosifs;
;20.51Z;Fabrication de produits explosifs;
;20.52;Fabrication de colles;
;20.52Z;Fabrication de colles;
;20.53;Fabrication d'huiles essentielles;
;20.53Z;Fabrication d'huiles essentielles;
;20.59;Fabrication d'autres produits chimiques n.c.a.;
;20.59Z;Fabrication d'autres produits chimiques n.c.a.;
;20.60;Fabrication de fibres artificielles ou synthetiques;
;20.60Z;Fabrication de fibres artificielles ou synthetiques;
;21.10;Fabrication de produits pharmaceutiques de base;
;21.10Z;Fabrication de produits pharmaceutiques de base;
;21.20;Fabrication de preparations pharmaceutiques;
;21.20Z;Fabrication de preparations pharmaceutiques;
;22.11;Fabrication et rechapage de pneumatiques;
;22.11Z;Fabrication et rechapage de pneumatiques;
;22.19;Fabrication d'autres articles en caoutchouc;
;22.19Z;Fabrication d'autres articles en caoutchouc;
;22.21;Fabrication de plaques, feuilles, tubes et profiles en matieres plastiques;
;22.21Z;Fabrication de plaques, feuilles, tubes et profiles en matieres plastiques;
;22.22;Fabrication d'emballages en matieres plastiques;
;22.22Z;Fabrication d'emballages en matieres plastiques;
;22.23;Fabrication d'elements en matieres plastiques pour la construction;
;22.23Z;Fabrication d'elements en matieres plastiques pour la construction;
;22.29;Fabrication d'autres articles en matieres plastiques;
;22.29A;Fabrication de pieces techniques a base de matieres plastiques;
;22.29B;Fabrication de produits de consommation courante en matieres plastiques;
;23.11;Fabrication de verre plat;
;23.11Z;Fabrication de verre plat;
;23.12;Façonnage et transformation du verre plat;
;23.12Z;Façonnage et transformation du verre plat;
;23.13;Fabrication de verre creux;
;23.13Z;Fabrication de verre creux;
;23.14;Fabrication de fibres de verre;
;23.14Z;Fabrication de fibres de verre;
;23.19;Fabrication et façonnage d'autres articles en verre, y compris verre technique;
;23.19Z;Fabrication et façonnage d'autres articles en verre, y compris verre technique;
;23.20;Fabrication de produits refractaires;
;23.20Z;Fabrication de produits refractaires;
;23.31;Fabrication de carreaux en ceramique;
;23.31Z;Fabrication de carreaux en ceramique;
;23.32;Fabrication de briques, tuiles et produits de construction, en terre cuite;
;23.32Z;Fabrication de briques, tuiles et produits de construction, en terre cuite;
;23.41;Fabrication d'articles ceramiques a usage domestique ou ornemental;
;23.41Z;Fabrication d'articles ceramiques a usage domestique ou ornemental;
;23.42;Fabrication d'appareils sanitaires en ceramique;
;23.42Z;Fabrication d'appareils sanitaires en ceramique;
;23.43;Fabrication d'isolateurs et pieces isolantes en ceramique;
;23.43Z;Fabrication d'isolateurs et pieces isolantes en ceramique;
;23.44;Fabrication d'autres produits ceramiques a usage technique;
;23.44Z;Fabrication d'autres produits ceramiques a usage technique;
;23.49;Fabrication d'autres produits ceramiques ;
;23.49Z;Fabrication d'autres produits ceramiques;
;23.51;Fabrication de ciment;
;23.51Z;Fabrication de ciment;
;23.52;Fabrication de chaux et platre;
;23.52Z;Fabrication de chaux et platre;
;23.61;Fabrication d'elements en beton pour la construction;
;23.61Z;Fabrication d'elements en beton pour la construction;
;23.62;Fabrication d'elements en platre pour la construction;
;23.62Z;Fabrication d'elements en platre pour la construction;
;23.63;Fabrication de beton pret a l'emploi;
;23.63Z;Fabrication de beton pret a l'emploi;
;23.64;Fabrication de mortiers et betons secs;
;23.64Z;Fabrication de mortiers et betons secs;
;23.65;Fabrication d'ouvrages en fibre-ciment;
;23.65Z;Fabrication d'ouvrages en fibre-ciment;
;23.69;Fabrication d'autres ouvrages en beton, en ciment ou en platre;
;23.69Z;Fabrication d'autres ouvrages en beton, en ciment ou en platre;
;23.70;Taille, façonnage et finissage de pierres;
;23.70Z;Taille, façonnage et finissage de pierres;
;23.91;Fabrication de produits abrasifs;
;23.91Z;Fabrication de produits abrasifs;
;23.99;Fabrication d'autres produits mineraux non metalliques n.c.a.;
;23.99Z;Fabrication d'autres produits mineraux non metalliques n.c.a.;
;24.10;Siderurgie;
;24.10Z;Siderurgie;
;24.20;Fabrication de tubes, tuyaux, profiles creux et accessoires correspondants en acier ;
;24.20Z;Fabrication de tubes, tuyaux, profiles creux et accessoires correspondants en acier ;
;24.31;etirage a froid de barres;
;24.31Z;etirage a froid de barres;
;24.32;Laminage a froid de feuillards;
;24.32Z;Laminage a froid de feuillards;
;24.33;Profilage a froid par formage ou pliage;
;24.33Z;Profilage a froid par formage ou pliage;
;24.34;Trefilage a froid;
;24.34Z;Trefilage a froid;
;24.41;Production de metaux precieux;
;24.41Z;Production de metaux precieux;
;24.42;Metallurgie de l'aluminium;
;24.42Z;Metallurgie de l'aluminium;
;24.43;Metallurgie du plomb, du zinc ou de l'etain;
;24.43Z;Metallurgie du plomb, du zinc ou de l'etain;
;24.44;Metallurgie du cuivre;
;24.44Z;Metallurgie du cuivre;
;24.45;Metallurgie des autres metaux non ferreux;
;24.45Z;Metallurgie des autres metaux non ferreux;
;24.46;elaboration et transformation de matieres nucleaires;
;24.46Z;elaboration et transformation de matieres nucleaires;
;24.51;Fonderie de fonte;
;24.51Z;Fonderie de fonte;
;24.52;Fonderie d'acier;
;24.52Z;Fonderie d'acier;
;24.53;Fonderie de metaux legers;
;24.53Z;Fonderie de metaux legers;
;24.54;Fonderie d'autres metaux non ferreux;
;24.54Z;Fonderie d'autres metaux non ferreux;
;25.11;Fabrication de structures metalliques et de parties de structures;
;25.11Z;Fabrication de structures metalliques et de parties de structures;
;25.12;Fabrication de portes et fenetres en metal;
;25.12Z;Fabrication de portes et fenetres en metal;
;25.21;Fabrication de radiateurs et de chaudieres pour le chauffage central;
;25.21Z;Fabrication de radiateurs et de chaudieres pour le chauffage central;
;25.29;Fabrication d'autres reservoirs, citernes et conteneurs metalliques;
;25.29Z;Fabrication d'autres reservoirs, citernes et conteneurs metalliques;
;25.30;Fabrication de generateurs de vapeur, a l'exception des chaudieres pour le chauffage central;
;25.30Z;Fabrication de generateurs de vapeur, a l'exception des chaudieres pour le chauffage central;
;25.40;Fabrication d'armes et de munitions;
;25.40Z;Fabrication d'armes et de munitions;
;25.50;"Forge, emboutissage, estampage ; metallurgie des poudres";
;25.50A;"Forge, estampage, matriçage ; metallurgie des poudres";
;25.50B;Decoupage, emboutissage;
;25.61;Traitement et revetement des metaux;
;25.61Z;Traitement et revetement des metaux;
;25.62;Usinage;
;25.62A;Decolletage;
;25.62B;Mecanique industrielle;
;25.71;Fabrication de coutellerie;
;25.71Z;Fabrication de coutellerie;
;25.72;Fabrication de serrures et de ferrures;
;25.72Z;Fabrication de serrures et de ferrures;
;25.73;Fabrication d'outillage;
;25.73A;Fabrication de moules et modeles;
;25.73B;Fabrication d'autres outillages;
;25.91;Fabrication de fûts et emballages metalliques similaires;
;25.91Z;Fabrication de fûts et emballages metalliques similaires;
;25.92;Fabrication d'emballages metalliques legers;
;25.92Z;Fabrication d'emballages metalliques legers;
;25.93;Fabrication d'articles en fils metalliques, de chaînes et de ressorts;
;25.93Z;Fabrication d'articles en fils metalliques, de chaînes et de ressorts;
;25.94;Fabrication de vis et de boulons;
;25.94Z;Fabrication de vis et de boulons;
;25.99;Fabrication d'autres produits metalliques n.c.a.;
;25.99A;Fabrication d'articles metalliques menagers;
;25.99B;Fabrication d'autres articles metalliques;
;26.11;Fabrication de composants electroniques;
;26.11Z;Fabrication de composants electroniques;
;26.12;Fabrication de cartes electroniques assemblees;
;26.12Z;Fabrication de cartes electroniques assemblees;
;26.20;Fabrication d'ordinateurs et d'equipements peripheriques;
;26.20Z;Fabrication d'ordinateurs et d'equipements peripheriques;
;26.30;Fabrication d'equipements de communication ;
;26.30Z;Fabrication d'equipements de communication ;
;26.40;Fabrication de produits electroniques grand public;
;26.40Z;Fabrication de produits electroniques grand public;
;26.51;Fabrication d'instruments et d'appareils de mesure, d'essai et de navigation;
;26.51A;Fabrication d'equipements d'aide a la navigation;
;26.51B;Fabrication d'instrumentation scientifique et technique;
;26.52;Horlogerie;
;26.52Z;Horlogerie;
;26.60;Fabrication d'equipements d'irradiation medicale, d'equipements electromedicaux et electrotherapeutiques ;
;26.60Z;Fabrication d'equipements d'irradiation medicale, d'equipements electromedicaux et electrotherapeutiques ;
;26.70;Fabrication de materiels optique et photographique;
;26.70Z;Fabrication de materiels optique et photographique;
;26.80;Fabrication de supports magnetiques et optiques;
;26.80Z;Fabrication de supports magnetiques et optiques;
;27.11;Fabrication de moteurs, generatrices et transformateurs electriques;
;27.11Z;Fabrication de moteurs, generatrices et transformateurs electriques;
;27.12;Fabrication de materiel de distribution et de commande electrique;
;27.12Z;Fabrication de materiel de distribution et de commande electrique;
;27.20;Fabrication de piles et d'accumulateurs electriques;
;27.20Z;Fabrication de piles et d'accumulateurs electriques;
;27.31;Fabrication de cables de fibres optiques;
;27.31Z;Fabrication de cables de fibres optiques;
;27.32;Fabrication d'autres fils et cables electroniques ou electriques;
;27.32Z;Fabrication d'autres fils et cables electroniques ou electriques;
;27.33;Fabrication de materiel d'installation electrique;
;27.33Z;Fabrication de materiel d'installation electrique;
;27.40;Fabrication d'appareils d'eclairage electrique;
;27.40Z;Fabrication d'appareils d'eclairage electrique;
;27.51;Fabrication d'appareils electromenagers;
;27.51Z;Fabrication d'appareils electromenagers;
;27.52;Fabrication d'appareils menagers non electriques;
;27.52Z;Fabrication d'appareils menagers non electriques;
;27.90;Fabrication d'autres materiels electriques;
;27.90Z;Fabrication d'autres materiels electriques;
;28.11;Fabrication de moteurs et turbines, a l'exception des moteurs d’avions et de vehicules;
;28.11Z;Fabrication de moteurs et turbines, a l'exception des moteurs d’avions et de vehicules;
;28.12;Fabrication d'equipements hydrauliques et pneumatiques;
;28.12Z;Fabrication d'equipements hydrauliques et pneumatiques;
;28.13;Fabrication d'autres pompes et compresseurs;
;28.13Z;Fabrication d'autres pompes et compresseurs;
;28.14;Fabrication d'autres articles de robinetterie;
;28.14Z;Fabrication d'autres articles de robinetterie;
;28.15;Fabrication d'engrenages et d'organes mecaniques de transmission;
;28.15Z;Fabrication d'engrenages et d'organes mecaniques de transmission;
;28.21;Fabrication de fours et brûleurs;
;28.21Z;Fabrication de fours et brûleurs;
;28.22;Fabrication de materiel de levage et de manutention;
;28.22Z;Fabrication de materiel de levage et de manutention;
;28.23;Fabrication de machines et d'equipements de bureau (a l'exception des ordinateurs et equipements peripheriques);
;28.23Z;Fabrication de machines et d'equipements de bureau (a l'exception des ordinateurs et equipements peripheriques);
;28.24;Fabrication d'outillage portatif a moteur incorpore;
;28.24Z;Fabrication d'outillage portatif a moteur incorpore;
;28.25;Fabrication d'equipements aerauliques et frigorifiques industriels;
;28.25Z;Fabrication d'equipements aerauliques et frigorifiques industriels;
;28.29;Fabrication de machines diverses d'usage general;
;28.29A;Fabrication d'equipements d'emballage, de conditionnement et de pesage ;
;28.29B;Fabrication d'autres machines d'usage general;
;28.30;Fabrication de machines agricoles et forestieres;
;28.30Z;Fabrication de machines agricoles et forestieres;
;28.41;Fabrication de machines de formage des metaux;
;28.41Z;Fabrication de machines-outils pour le travail des metaux;
;28.49;Fabrication d'autres machines-outils ;
;28.49Z;Fabrication d'autres machines-outils ;
;28.91;Fabrication de machines pour la metallurgie;
;28.91Z;Fabrication de machines pour la metallurgie;
;28.92;Fabrication de machines pour l'extraction ou la construction;
;28.92Z;Fabrication de machines pour l'extraction ou la construction;
;28.93;Fabrication de machines pour l'industrie agro-alimentaire;
;28.93Z;Fabrication de machines pour l'industrie agro-alimentaire;
;28.94;Fabrication de machines pour les industries textiles;
;28.94Z;Fabrication de machines pour les industries textiles;
;28.95;Fabrication de machines pour les industries du papier et du carton;
;28.95Z;Fabrication de machines pour les industries du papier et du carton;
;28.96;Fabrication de machines pour le travail du caoutchouc ou des plastiques;
;28.96Z;Fabrication de machines pour le travail du caoutchouc ou des plastiques;
;28.99;Fabrication d'autres machines d'usage specifique n.c.a.;
;28.99A;Fabrication de machines d'imprimerie;
;28.99B;Fabrication d'autres machines specialisees;
;29.10;Construction de vehicules automobiles;
;29.10Z;Construction de vehicules automobiles;
;29.20;Fabrication de carrosseries et remorques;
;29.20Z;Fabrication de carrosseries et remorques;
;29.31;Fabrication d'equipements electriques et electroniques automobiles;
;29.31Z;Fabrication d'equipements electriques et electroniques automobiles;
;29.32;Fabrication d'autres equipements automobiles;
;29.32Z;Fabrication d'autres equipements automobiles;
;30.11;Construction de navires et de structures flottantes;
;30.11Z;Construction de navires et de structures flottantes;
;30.12;Construction de bateaux de plaisance;
;30.12Z;Construction de bateaux de plaisance;
;30.20;Construction de locomotives et d'autre materiel ferroviaire roulant ;
;30.20Z;Construction de locomotives et d'autre materiel ferroviaire roulant ;
;30.30;Construction aeronautique et spatiale ;
;30.30Z;Construction aeronautique et spatiale ;
;30.40;Construction de vehicules militaires de combat ;
;30.40Z;Construction de vehicules militaires de combat ;
;30.91;Fabrication de motocycles;
;30.91Z;Fabrication de motocycles;
;30.92;Fabrication de bicyclettes et de vehicules pour invalides;
;30.92Z;Fabrication de bicyclettes et de vehicules pour invalides;
;30.99;Fabrication d’autres equipements de transport n.c.a.;
;30.99Z;Fabrication d’autres equipements de transport n.c.a.;
;31.01;Fabrication de meubles de bureau et de magasin;
;31.01Z;Fabrication de meubles de bureau et de magasin;
;31.02;Fabrication de meubles de cuisine ;
;31.02Z;Fabrication de meubles de cuisine ;
;31.03;Fabrication de matelas;
;31.03Z;Fabrication de matelas;
;31.09;Fabrication d'autres meubles;
;31.09A;Fabrication de sieges d'ameublement d'interieur;
;31.09B;Fabrication d’autres meubles et industries connexes de l’ameublement;
;32.11;Frappe de monnaie;
;32.11Z;Frappe de monnaie;
;32.12;Fabrication d’articles de joaillerie et bijouterie;
;32.12Z;Fabrication d’articles de joaillerie et bijouterie;
;32.13;Fabrication d’articles de bijouterie fantaisie et articles similaires;
;32.13Z;Fabrication d’articles de bijouterie fantaisie et articles similaires;
;32.20;Fabrication d'instruments de musique;
;32.20Z;Fabrication d'instruments de musique;
;32.30;Fabrication d'articles de sport;
;32.30Z;Fabrication d'articles de sport;
;32.40;Fabrication de jeux et jouets;
;32.40Z;Fabrication de jeux et jouets;
;32.50;Fabrication d'instruments et de fournitures a usage medical et dentaire ;
;32.50A;Fabrication de materiel medico-chirurgical et dentaire;
;32.50B;Fabrication de lunettes;
;32.91;Fabrication d’articles de brosserie;
;32.91Z;Fabrication d’articles de brosserie;
;32.99;Autres activites manufacturieres n.c.a. ;
;32.99Z;Autres activites manufacturieres n.c.a. ;
;33.11;Reparation d'ouvrages en metaux;
;33.11Z;Reparation d'ouvrages en metaux;
;33.12;Reparation de machines et equipements mecaniques;
;33.12Z;Reparation de machines et equipements mecaniques;
;33.13;Reparation de materiels electroniques et optiques;
;33.13Z;Reparation de materiels electroniques et optiques;
;33.14;Reparation d'equipements electriques;
;33.14Z;Reparation d'equipements electriques;
;33.15;Reparation et maintenance navale;
;33.15Z;Reparation et maintenance navale;
;33.16;Reparation et maintenance d'aeronefs et d'engins spatiaux ;
;33.16Z;Reparation et maintenance d'aeronefs et d'engins spatiaux ;
;33.17;Reparation et maintenance d'autres equipements de transport;
;33.17Z;Reparation et maintenance d'autres equipements de transport;
;33.19;Reparation d'autres equipements;
;33.19Z;Reparation d'autres equipements;
;33.20;Installation de machines et d'equipements industriels;
;33.20A;Installation de structures metalliques, chaudronnees et de tuyauterie;
;33.20B;Installation de machines et equipements mecaniques;
;33.20C;Conception d'ensemble et assemblage sur site industriel d'equipements de contrôle des processus industriels ;
;33.20D;Installation d'equipements electriques, de materiels electroniques et optiques ou d'autres materiels;
;35.11;Production d'electricite;
;35.11Z;Production d'electricite;
;35.12;Transport d'electricite;
;35.12Z;Transport d'electricite;
;35.13;Distribution d'electricite;
;35.13Z;Distribution d'electricite;
;35.14;Commerce d'electricite;
;35.14Z;Commerce d'electricite;
;35.21;Production de combustibles gazeux;
;35.21Z;Production de combustibles gazeux;
;35.22;Distribution de combustibles gazeux par conduites;
;35.22Z;Distribution de combustibles gazeux par conduites;
;35.23;Commerce de combustibles gazeux par conduites;
;35.23Z;Commerce de combustibles gazeux par conduites;
;35.30;Production et distribution de vapeur et d'air conditionne ;
;35.30Z;Production et distribution de vapeur et d'air conditionne ;
;36.00;Captage, traitement et distribution d'eau;
;36.00Z;Captage, traitement et distribution d'eau;
;37.00;Collecte et traitement des eaux usees;
;37.00Z;Collecte et traitement des eaux usees;
;38.11;Collecte des dechets non dangereux;
;38.11Z;Collecte des dechets non dangereux;
;38.12;Collecte des dechets dangereux;
;38.12Z;Collecte des dechets dangereux;
;38.21;Traitement et elimination des dechets non dangereux;
;38.21Z;Traitement et elimination des dechets non dangereux;
;38.22;Traitement et elimination des dechets dangereux;
;38.22Z;Traitement et elimination des dechets dangereux;
;38.31;Demantelement d'epaves;
;38.31Z;Demantelement d'epaves;
;38.32;Recuperation de dechets tries;
;38.32Z;Recuperation de dechets tries;
;39.00;Depollution et autres services de gestion des dechets;
;39.00Z;Depollution et autres services de gestion des dechets;
;41.10;Promotion immobiliere;
;41.10A;Promotion immobiliere de logements;
;41.10B;Promotion immobiliere de bureaux;
;41.10C;Promotion immobiliere d'autres batiments;
;41.10D;Supports juridiques de programmes;
;41.20;Construction de batiments residentiels et non residentiels;
;41.20A;Construction de maisons individuelles;
;41.20B;Construction d'autres batiments;
;42.11;Construction de routes et autoroutes;
;42.11Z;Construction de routes et autoroutes;
;42.12;Construction de voies ferrees de surface et souterraines;
;42.12Z;Construction de voies ferrees de surface et souterraines;
;42.13;Construction de ponts et tunnels;
;42.13A;Construction d'ouvrages d'art;
;42.13B;Construction et entretien de tunnels;
;42.21;Construction de reseaux pour fluides;
;42.21Z;Construction de reseaux pour fluides;
;42.22;Construction de reseaux electriques et de telecommunications;
;42.22Z;Construction de reseaux electriques et de telecommunications;
;42.91;Construction d'ouvrages maritimes et fluviaux;
;42.91Z;Construction d'ouvrages maritimes et fluviaux;
;42.99;Construction d'autres ouvrages de genie civil n.c.a.;
;42.99Z;Construction d'autres ouvrages de genie civil n.c.a.;
;43.11;Travaux de demolition;
;43.11Z;Travaux de demolition;
;43.12;Travaux de preparation des sites;
;43.12A;Travaux de terrassement courants et travaux preparatoires;
;43.12B;Travaux de terrassement specialises ou de grande masse;
;43.13;Forages et sondages;
;43.13Z;Forages et sondages;
;43.21;Installation electrique;
;43.21A;Travaux d'installation electrique dans tous locaux;
;43.21B;Travaux d'installation electrique sur la voie publique;
;43.22;Travaux de plomberie et installation de chauffage et de conditionnement d'air;
;43.22A;Travaux d'installation d'eau et de gaz en tous locaux;
;43.22B;Travaux d'installation d'equipements thermiques et de climatisation;
;43.29;Autres travaux d'installation;
;43.29A;Travaux d'isolation;
;43.29B;Autres travaux d'installation n.c.a.;
;43.31;Travaux de platrerie;
;43.31Z;Travaux de platrerie;
;43.32;Travaux de menuiserie;
;43.32A;Travaux de menuiserie bois et PVC;
;43.32B;Travaux de menuiserie metallique et serrurerie;
;43.32C;Agencement de lieux de vente;
;43.33;Travaux de revetement des sols et des murs;
;43.33Z;Travaux de revetement des sols et des murs;
;43.34;Travaux de peinture et vitrerie;
;43.34Z;Travaux de peinture et vitrerie;
;43.39;Autres travaux de finition;
;43.39Z;Autres travaux de finition;
;43.91;Travaux de couverture;
;43.91A;Travaux de charpente;
;43.91B;Travaux de couverture par elements;
;43.99;Autres travaux de construction specialises n.c.a.;
;43.99A;Travaux d'etancheification;
;43.99B;Travaux de montage de structures metalliques;
;43.99C;Travaux de maçonnerie generale et gros œuvre de batiment;
;43.99D;Autres travaux specialises de construction;
;43.99E;Location avec operateur de materiel de construction;
;45.11;Commerce de voitures et de vehicules automobiles legers;
;45.11Z;Commerce de voitures et de vehicules automobiles legers;
;45.19;Commerce d'autres vehicules automobiles;
;45.19Z;Commerce d'autres vehicules automobiles;
;45.20;Entretien et reparation de vehicules automobiles;
;45.20A;Entretien et reparation de vehicules automobiles legers;
;45.20B;Entretien et reparation d'autres vehicules automobiles;
;45.31;Commerce de gros d'equipements automobiles;
;45.31Z;Commerce de gros d'equipements automobiles;
;45.32;Commerce de detail d'equipements automobiles;
;45.32Z;Commerce de detail d'equipements automobiles;
;45.40;Commerce et reparation de motocycles;
;45.40Z;Commerce et reparation de motocycles;
;46.11;Intermediaires du commerce en matieres premieres agricoles, animaux vivants, matieres premieres textiles et produits semi-finis;
;46.11Z;Intermediaires du commerce en matieres premieres agricoles, animaux vivants, matieres premieres textiles et produits semi-finis;
;46.12;Intermediaires du commerce en combustibles, metaux, mineraux et produits chimiques;
;46.12A;Centrales d'achat de carburant;
;46.12B;Autres intermediaires du commerce en combustibles, metaux, mineraux et produits chimiques;
;46.13;Intermediaires du commerce en bois et materiaux de construction;
;46.13Z;Intermediaires du commerce en bois et materiaux de construction;
;46.14;Intermediaires du commerce en machines, equipements industriels, navires et avions;
;46.14Z;Intermediaires du commerce en machines, equipements industriels, navires et avions;
;46.15;Intermediaires du commerce en meubles, articles de menage et quincaillerie;
;46.15Z;Intermediaires du commerce en meubles, articles de menage et quincaillerie;
;46.16;Intermediaires du commerce en textiles, habillement, fourrures, chaussures et articles en cuir;
;46.16Z;Intermediaires du commerce en textiles, habillement, fourrures, chaussures et articles en cuir;
;46.17;Intermediaires du commerce en denrees, boissons et tabac;
;46.17A;Centrales d'achat alimentaires;
;46.17B;Autres intermediaires du commerce en denrees, boissons et tabac;
;46.18;Intermediaires specialises dans le commerce d'autres produits specifiques;
;46.18Z;Intermediaires specialises dans le commerce d'autres produits specifiques;
;46.19;Intermediaires du commerce en produits divers;
;46.19A;Centrales d'achat non alimentaires;
;46.19B;Autres intermediaires du commerce en produits divers;
;46.21;Commerce de gros de cereales, de tabac non manufacture, de semences et d'aliments pour le betail ;
;46.21Z;Commerce de gros (commerce interentreprises) de cereales, de tabac non manufacture, de semences et d'aliments pour le betail ;
;46.22;Commerce de gros de fleurs et plantes;
;46.22Z;Commerce de gros (commerce interentreprises) de fleurs et plantes;
;46.23;Commerce de gros d'animaux vivants;
;46.23Z;Commerce de gros (commerce interentreprises) d'animaux vivants;
;46.24;Commerce de gros de cuirs et peaux;
;46.24Z;Commerce de gros (commerce interentreprises) de cuirs et peaux;
;46.31;Commerce de gros de fruits et legumes;
;46.31Z;Commerce de gros (commerce interentreprises) de fruits et legumes;
;46.32;Commerce de gros de viandes et de produits a base de viande;
;46.32A;Commerce de gros (commerce interentreprises) de viandes de boucherie;
;46.32B;Commerce de gros (commerce interentreprises) de produits a base de viande;
;46.32C;Commerce de gros (commerce interentreprises) de volailles et gibier;
;46.33;Commerce de gros de produits laitiers, œufs, huiles et matieres grasses comestibles;
;46.33Z;Commerce de gros (commerce interentreprises) de produits laitiers, œufs, huiles et matieres grasses comestibles;
;46.34;Commerce de gros de boissons;
;46.34Z;Commerce de gros (commerce interentreprises) de boissons;
;46.35;Commerce de gros de produits a base de tabac;
;46.35Z;Commerce de gros (commerce interentreprises) de produits a base de tabac;
;46.36;Commerce de gros de sucre, chocolat et confiserie;
;46.36Z;Commerce de gros (commerce interentreprises) de sucre, chocolat et confiserie;
;46.37;Commerce de gros de cafe, the, cacao et epices;
;46.37Z;Commerce de gros (commerce interentreprises) de cafe, the, cacao et epices;
;46.38;Commerce de gros d'autres produits alimentaires, y compris poissons, crustaces et mollusques;
;46.38A;Commerce de gros (commerce interentreprises) de poissons, crustaces et mollusques;
;46.38B;Commerce de gros (commerce interentreprises) alimentaire specialise divers;
;46.39;Commerce de gros non specialise de denrees, boissons et tabac;
;46.39A;Commerce de gros (commerce interentreprises) de produits surgeles;
;46.39B;Commerce de gros (commerce interentreprises) alimentaire non specialise;
;46.41;Commerce de gros de textiles;
;46.41Z;Commerce de gros (commerce interentreprises) de textiles;
;46.42;Commerce de gros d'habillement et de chaussures;
;46.42Z;Commerce de gros (commerce interentreprises) d'habillement et de chaussures;
;46.43;Commerce de gros d'appareils electromenagers;
;46.43Z;Commerce de gros (commerce interentreprises) d'appareils electromenagers;
;46.44;Commerce de gros de vaisselle, verrerie et produits d'entretien;
;46.44Z;Commerce de gros (commerce interentreprises) de vaisselle, verrerie et produits d'entretien;
;46.45;Commerce de gros de parfumerie et de produits de beaute;
;46.45Z;Commerce de gros (commerce interentreprises) de parfumerie et de produits de beaute;
;46.46;Commerce de gros de produits pharmaceutiques;
;46.46Z;Commerce de gros (commerce interentreprises) de produits pharmaceutiques;
;46.47;Commerce de gros de meubles, de tapis et d'appareils d'eclairage ;
;46.47Z;Commerce de gros (commerce interentreprises) de meubles, de tapis et d'appareils d'eclairage ;
;46.48;Commerce de gros d'articles d'horlogerie et de bijouterie;
;46.48Z;Commerce de gros (commerce interentreprises) d'articles d'horlogerie et de bijouterie;
;46.49;Commerce de gros d'autres biens domestiques;
;46.49Z;Commerce de gros (commerce interentreprises) d'autres biens domestiques ;
;46.5;Commerce de gros d'equipements de l'information et de la communication ;
;46.51;Commerce de gros d'ordinateurs, d'equipements informatiques peripheriques et de logiciels;
;46.51Z;Commerce de gros (commerce interentreprises) d'ordinateurs, d'equipements informatiques peripheriques et de logiciels;
;46.52;Commerce de gros de composants et d'equipements electroniques et de telecommunication;
;46.52Z;Commerce de gros (commerce interentreprises) de composants et d'equipements electroniques et de telecommunication;
;46.61;Commerce de gros de materiel agricole;
;46.61Z;Commerce de gros (commerce interentreprises) de materiel agricole;
;46.62;Commerce de gros de machines-outils;
;46.62Z;Commerce de gros (commerce interentreprises) de machines-outils;
;46.63;Commerce de gros de machines pour l'extraction, la construction et le genie civil ;
;46.63Z;Commerce de gros (commerce interentreprises) de machines pour l'extraction, la construction et le genie civil ;
;46.64;Commerce de gros de machines pour l'industrie textile et l'habillement;
;46.64Z;Commerce de gros (commerce interentreprises) de machines pour l'industrie textile et l'habillement;
;46.65;Commerce de gros de mobilier de bureau;
;46.65Z;Commerce de gros (commerce interentreprises) de mobilier de bureau;
;46.66;Commerce de gros d'autres machines et equipements de bureau ;
;46.66Z;Commerce de gros (commerce interentreprises) d'autres machines et equipements de bureau ;
;46.69;Commerce de gros d'autres machines et equipements;
;46.69A;Commerce de gros (commerce interentreprises) de materiel electrique;
;46.69B;Commerce de gros (commerce interentreprises) de fournitures et equipements industriels divers;
;46.69C;Commerce de gros (commerce interentreprises) de fournitures et equipements divers pour le commerce et les services;
;46.71;Commerce de gros de combustibles et de produits annexes;
;46.71Z;Commerce de gros (commerce interentreprises) de combustibles et de produits annexes;
;46.72;Commerce de gros de minerais et metaux;
;46.72Z;Commerce de gros (commerce interentreprises) de minerais et metaux;
;46.73;Commerce de gros de bois, de materiaux de construction et d'appareils sanitaires ;
;46.73A;Commerce de gros (commerce interentreprises) de bois et de materiaux de construction ;
;46.73B;Commerce de gros (commerce interentreprises) d'appareils sanitaires et de produits de decoration;
;46.74;Commerce de gros de quincaillerie et fournitures pour plomberie et chauffage;
;46.74A;Commerce de gros (commerce interentreprises) de quincaillerie;
;46.74B;Commerce de gros (commerce interentreprises) de fournitures pour la plomberie et le chauffage;
;46.75;Commerce de gros de produits chimiques;
;46.75Z;Commerce de gros (commerce interentreprises) de produits chimiques;
;46.76;Commerce de gros d'autres produits intermediaires;
;46.76Z;Commerce de gros (commerce interentreprises) d'autres produits intermediaires;
;46.77;Commerce de gros de dechets et debris;
;46.77Z;Commerce de gros (commerce interentreprises) de dechets et debris;
;46.90;Commerce de gros non specialise;
;46.90Z;Commerce de gros (commerce interentreprises) non specialise;
;47.11;Commerce de detail en magasin non specialise a predominance alimentaire;
;47.11A;Commerce de detail de produits surgeles;
;47.11B;Commerce d'alimentation generale;
;47.11C;Superettes;
;47.11D;Supermarches;
;47.11E;Magasins multi-commerces;
;47.11F;Hypermarches;
;47.19;Autre commerce de detail en magasin non specialise;
;47.19A;Grands magasins;
;47.19B;Autres commerces de detail en magasin non specialise;
;47.21;Commerce de detail de fruits et legumes en magasin specialise;
;47.21Z;Commerce de detail de fruits et legumes en magasin specialise;
;47.22;Commerce de detail de viandes et de produits a base de viande en magasin specialise;
;47.22Z;Commerce de detail de viandes et de produits a base de viande en magasin specialise;
;47.23;Commerce de detail de poissons, crustaces et mollusques en magasin specialise;
;47.23Z;Commerce de detail de poissons, crustaces et mollusques en magasin specialise;
;47.24;Commerce de detail de pain, patisserie et confiserie en magasin specialise;
;47.24Z;Commerce de detail de pain, patisserie et confiserie en magasin specialise;
;47.25;Commerce de detail de boissons en magasin specialise;
;47.25Z;Commerce de detail de boissons en magasin specialise;
;47.26;Commerce de detail de produits a base de tabac en magasin specialise;
;47.26Z;Commerce de detail de produits a base de tabac en magasin specialise;
;47.29;Autres commerces de detail alimentaires en magasin specialise ;
;47.29Z;Autres commerces de detail alimentaires en magasin specialise ;
;47.30;Commerce de detail de carburants en magasin specialise;
;47.30Z;Commerce de detail de carburants en magasin specialise;
;47.41;Commerce de detail d'ordinateurs, d'unites peripheriques et de logiciels en magasin specialise;
;47.41Z;Commerce de detail d'ordinateurs, d'unites peripheriques et de logiciels en magasin specialise;
;47.42;Commerce de detail de materiels de telecommunication en magasin specialise;
;47.42Z;Commerce de detail de materiels de telecommunication en magasin specialise;
;47.43;Commerce de detail de materiels audio/video en magasin specialise;
;47.43Z;Commerce de detail de materiels audio et video en magasin specialise;
;47.51;Commerce de detail de textiles en magasin specialise;
;47.51Z;Commerce de detail de textiles en magasin specialise;
;47.52;Commerce de detail de quincaillerie, peintures et verres en magasin specialise;
;47.52A;Commerce de detail de quincaillerie, peintures et verres en petites surfaces (moins de 400 m2);
;47.52B;Commerce de detail de quincaillerie, peintures et verres en grandes surfaces (400 m2et plus);
;47.53;Commerce de detail de tapis, moquettes et revetements de murs et de sols en magasin specialise;
;47.53Z;Commerce de detail de tapis, moquettes et revetements de murs et de sols en magasin specialise;
;47.54;Commerce de detail d'appareils electromenagers en magasin specialise;
;47.54Z;Commerce de detail d'appareils electromenagers en magasin specialise;
;47.59;Commerce de detail de meubles, appareils d'eclairage et autres articles de menage en magasin specialise;
;47.59A;Commerce de detail de meubles;
;47.59B;Commerce de detail d'autres equipements du foyer;
;47.61;Commerce de detail de livres en magasin specialise;
;47.61Z;Commerce de detail de livres en magasin specialise;
;47.62;Commerce de detail de journaux et papeterie en magasin specialise;
;47.62Z;Commerce de detail de journaux et papeterie en magasin specialise;
;47.63;Commerce de detail d'enregistrements musicaux et video en magasin specialise;
;47.63Z;Commerce de detail d'enregistrements musicaux et video en magasin specialise;
;47.64;Commerce de detail d'articles de sport en magasin specialise;
;47.64Z;Commerce de detail d'articles de sport en magasin specialise;
;47.65;Commerce de detail de jeux et jouets en magasin specialise;
;47.65Z;Commerce de detail de jeux et jouets en magasin specialise;
;47.71;Commerce de detail d'habillement en magasin specialise;
;47.71Z;Commerce de detail d'habillement en magasin specialise;
;47.72;Commerce de detail de chaussures et d'articles en cuir en magasin specialise;
;47.72A;Commerce de detail de la chaussure;
;47.72B;Commerce de detail de maroquinerie et d'articles de voyage;
;47.73;Commerce de detail de produits pharmaceutiques en magasin specialise;
;47.73Z;Commerce de detail de produits pharmaceutiques en magasin specialise;
;47.74;Commerce de detail d'articles medicaux et orthopediques en magasin specialise;
;47.74Z;Commerce de detail d'articles medicaux et orthopediques en magasin specialise;
;47.75;Commerce de detail de parfumerie et de produits de beaute en magasin specialise;
;47.75Z;Commerce de detail de parfumerie et de produits de beaute en magasin specialise;
;47.76;Commerce de detail de fleurs, plantes, graines, engrais, animaux de compagnie et aliments pour ces animaux en magasin specialise;
;47.76Z;Commerce de detail de fleurs, plantes, graines, engrais, animaux de compagnie et aliments pour ces animaux en magasin specialise;
;47.77;Commerce de detail d'articles d'horlogerie et de bijouterie en magasin specialise;
;47.77Z;Commerce de detail d'articles d'horlogerie et de bijouterie en magasin specialise;
;47.78;Autre commerce de detail de biens neufs en magasin specialise;
;47.78A;Commerces de detail d'optique;
;47.78B;Commerces de detail de charbons et combustibles;
;47.78C;Autres commerces de detail specialises divers;
;47.79;Commerce de detail de biens d'occasion en magasin;
;47.79Z;Commerce de detail de biens d'occasion en magasin;
;47.81;Commerce de detail alimentaire sur eventaires et marches;
;47.81Z;Commerce de detail alimentaire sur eventaires et marches;
;47.82;Commerce de detail de textiles, d'habillement et de chaussures sur eventaires et marches;
;47.82Z;Commerce de detail de textiles, d'habillement et de chaussures sur eventaires et marches;
;47.89;Autres commerces de detail sur eventaires et marches;
;47.89Z;Autres commerces de detail sur eventaires et marches;
;47.91;Vente a distance;
;47.91A;Vente a distance sur catalogue general;
;47.91B;Vente a distance sur catalogue specialise;
;47.99;Autres commerces de detail hors magasin, eventaires ou marches;
;47.99A;Vente a domicile;
;47.99B;Vente par automates et autres commerces de detail hors magasin, eventaires ou marches n.c.a.;
;49.10;Transport ferroviaire interurbain de voyageurs;
;49.10Z;Transport ferroviaire interurbain de voyageurs;
;49.20;Transports ferroviaires de fret ;
;49.20Z;Transports ferroviaires de fret ;
;49.31;Transports urbains et suburbains de voyageurs;
;49.31Z;Transports urbains et suburbains de voyageurs;
;49.32;Transports de voyageurs par taxis;
;49.32Z;Transports de voyageurs par taxis;
;49.39;Autres transports terrestres de voyageurs n.c.a.;
;49.39A;Transports routiers reguliers de voyageurs;
;49.39B;Autres transports routiers de voyageurs ;
;49.39C;Telepheriques et remontees mecaniques;
;49.41;Transports routiers de fret;
;49.41A;Transports routiers de fret interurbains;
;49.41B;Transports routiers de fret de proximite;
;49.41C;Location de camions avec chauffeur;
;49.42;Services de demenagement;
;49.42Z;Services de demenagement;
;49.50;Transports par conduites;
;49.50Z;Transports par conduites;
;50.10;Transports maritimes et côtiers de passagers;
;50.10Z;Transports maritimes et côtiers de passagers;
;50.20;Transports maritimes et côtiers de fret;
;50.20Z;Transports maritimes et côtiers de fret;
;50.30;Transports fluviaux de passagers;
;50.30Z;Transports fluviaux de passagers;
;50.40;Transports fluviaux de fret ;
;50.40Z;Transports fluviaux de fret ;
;51.10;Transports aeriens de passagers;
;51.10Z;Transports aeriens de passagers;
;51.21;Transports aeriens de fret;
;51.21Z;Transports aeriens de fret;
;51.22;Transports spatiaux;
;51.22Z;Transports spatiaux;
;52.10;Entreposage et stockage;
;52.10A;Entreposage et stockage frigorifique;
;52.10B;Entreposage et stockage non frigorifique;
;52.21;Services auxiliaires des transports terrestres;
;52.21Z;Services auxiliaires des transports terrestres;
;52.22;Services auxiliaires des transports par eau;
;52.22Z;Services auxiliaires des transports par eau;
;52.23;Services auxiliaires des transports aeriens;
;52.23Z;Services auxiliaires des transports aeriens;
;52.24;Manutention;
;52.24A;Manutention portuaire;
;52.24B;Manutention non portuaire;
;52.29;Autres services auxiliaires des transports ;
;52.29A;Messagerie, fret express;
;52.29B;Affretement et organisation des transports ;
;53.10;Activites de poste dans le cadre d'une obligation de service universel ;
;53.10Z;Activites de poste dans le cadre d'une obligation de service universel ;
;53.20;Autres activites de poste et de courrier;
;53.20Z;Autres activites de poste et de courrier;
;55.10;Hôtels et hebergement similaire ;
;55.10Z;Hôtels et hebergement similaire ;
;55.20;Hebergement touristique et autre hebergement de courte duree ;
;55.20Z;Hebergement touristique et autre hebergement de courte duree ;
;55.30;Terrains de camping et parcs pour caravanes ou vehicules de loisirs;
;55.30Z;Terrains de camping et parcs pour caravanes ou vehicules de loisirs;
;55.90;Autres hebergements ;
;55.90Z;Autres hebergements ;
;56.10;Restaurants et services de restauration mobile;
;56.10A;Restauration traditionnelle;
;56.10B;Cafeterias et autres libres-services;
;56.10C;Restauration de type rapide;
;56.21;Services des traiteurs ;
;56.21Z;Services des traiteurs ;
;56.29;Autres services de restauration ;
;56.29A;Restauration collective sous contrat;
;56.29B;Autres services de restauration n.c.a.;
;56.30;Debits de boissons;
;56.30Z;Debits de boissons;
;58.11;edition de livres;
;58.11Z;edition de livres;
;58.12;edition de repertoires et de fichiers d'adresses;
;58.12Z;edition de repertoires et de fichiers d'adresses;
;58.13;edition de journaux;
;58.13Z;edition de journaux;
;58.14;edition de revues et periodiques;
;58.14Z;edition de revues et periodiques;
;58.19;Autres activites d'edition;
;58.19Z;Autres activites d'edition;
;58.21;edition de jeux electroniques;
;58.21Z;edition de jeux electroniques;
;58.29;edition d'autres logiciels;
;58.29A;edition de logiciels systeme et de reseau;
;58.29B;Edition de logiciels outils de developpement et de langages;
;58.29C;Edition de logiciels applicatifs;
;59.11;Production de films cinematographiques, de video et de programmes de television ;
;59.11A;Production de films et de programmes pour la television ;
;59.11B;Production de films institutionnels et publicitaires;
;59.11C;Production de films pour le cinema;
;59.12;Post-production de films cinematographiques, de video et de programmes de television;
;59.12Z;Post-production de films cinematographiques, de video et de programmes de television;
;59.13;Distribution de films cinematographiques, de video et de programmes de television ;
;59.13A;Distribution de films cinematographiques;
;59.13B;Edition et distribution video;
;59.14;Projection de films cinematographiques;
;59.14Z;Projection de films cinematographiques;
;59.20;Enregistrement sonore et edition musicale ;
;59.20Z;Enregistrement sonore et edition musicale ;
;60.10;edition et diffusion de programmes radio;
;60.10Z;edition et diffusion de programmes radio;
;60.20;Programmation de television et telediffusion;
;60.20A;Edition de chaînes generalistes;
;60.20B;Edition de chaînes thematiques;
;61.10;Telecommunications filaires;
;61.10Z;Telecommunications filaires;
;61.20;Telecommunications sans fil ;
;61.20Z;Telecommunications sans fil ;
;61.30;Telecommunications par satellite;
;61.30Z;Telecommunications par satellite;
;61.90;Autres activites de telecommunication ;
;61.90Z;Autres activites de telecommunication ;
;62.01;Programmation informatique;
;62.01Z;Programmation informatique;
;62.02;Conseil informatique ;
;62.02A;Conseil en systemes et logiciels informatiques;
;62.02B;Tierce maintenance de systemes et d’applications informatiques;
;62.03;Gestion d'installations informatiques;
;62.03Z;Gestion d'installations informatiques;
;62.09;Autres activites informatiques;
;62.09Z;Autres activites informatiques;
;63.11;Traitement de donnees, hebergement et activites connexes;
;63.11Z;Traitement de donnees, hebergement et activites connexes;
;63.12;Portails Internet;
;63.12Z;Portails Internet;
;63.91;Activites des agences de presse;
;63.91Z;Activites des agences de presse;
;63.99;Autres services d'information n.c.a.;
;63.99Z;Autres services d'information n.c.a.;
;64.11;Activites de banque centrale;
;64.11Z;Activites de banque centrale;
;64.19;Autres intermediations monetaires;
;64.19Z;Autres intermediations monetaires;
;64.20;Activites des societes holding;
;64.20Z;Activites des societes holding;
;64.30;Fonds de placement et entites financieres similaires;
;64.30Z;Fonds de placement et entites financieres similaires;
;64.91;Credit-bail ;
;64.91Z;Credit-bail ;
;64.92;Autre distribution de credit;
;64.92Z;Autre distribution de credit;
;64.99;Autres activites des services financiers, hors assurance et caisses de retraite, n.c.a.;
;64.99Z;Autres activites des services financiers, hors assurance et caisses de retraite, n.c.a.;
;65.11;Assurance vie ;
;65.11Z;Assurance vie;
;65.12;Autres assurances;
;65.12Z;Autres assurances;
;65.20;Reassurance;
;65.20Z;Reassurance;
;65.30;Caisses de retraite;
;65.30Z;Caisses de retraite;
;66.11;Administration de marches financiers;
;66.11Z;Administration de marches financiers;
;66.12;Courtage de valeurs mobilieres et de marchandises;
;66.12Z;Courtage de valeurs mobilieres et de marchandises;
;66.19;Autres activites auxiliaires de services financiers, hors assurance et caisses de retraite;
;66.19A;Supports juridiques de gestion de patrimoine mobilier;
;66.19B;Autres activites auxiliaires de services financiers, hors assurance et caisses de retraite, n.c.a.;
;66.21;evaluation des risques et dommages;
;66.21Z;evaluation des risques et dommages;
;66.22;Activites des agents et courtiers d'assurances;
;66.22Z;Activites des agents et courtiers d'assurances;
;66.29;Autres activites auxiliaires d'assurance et de caisses de retraite;
;66.29Z;Autres activites auxiliaires d'assurance et de caisses de retraite;
;66.30;Gestion de fonds;
;66.30Z;Gestion de fonds;
;68.10;Activites des marchands de biens immobiliers;
;68.10Z;Activites des marchands de biens immobiliers;
;68.20;Location et exploitation de biens immobiliers propres ou loues ;
;68.20A;Location de logements;
;68.20B;Location de terrains et d'autres biens immobiliers;
;68.31;Agences immobilieres;
;68.31Z;Agences immobilieres;
;68.32;Administration de biens immobiliers;
;68.32A;Administration d'immeubles et autres biens immobiliers;
;68.32B;Supports juridiques de gestion de patrimoine immobilier;
;69.10;Activites juridiques;
;69.10Z;Activites juridiques;
;69.20;Activites comptables;
;69.20Z;Activites comptables;
;70.10;Activites des sieges sociaux;
;70.10Z;Activites des sieges sociaux;
;70.21;Conseil en relations publiques et communication;
;70.21Z;Conseil en relations publiques et communication;
;70.22;Conseil pour les affaires et autres conseils de gestion;
;70.22Z;Conseil pour les affaires et autres conseils de gestion;
;71.11;Activites d'architecture ;
;71.11Z;Activites d'architecture ;
;71.12;Activites d'ingenierie;
;71.12A;Activite des geometres;
;71.12B;Ingenierie, etudes techniques;
;71.20;Activites de contrôle et analyses techniques;
;71.20A;Contrôle technique automobile;
;71.20B;Analyses, essais et inspections techniques;
;72.11;Recherche-developpement en biotechnologie;
;72.11Z;Recherche-developpement en biotechnologie;
;72.19;Recherche-developpement en autres sciences physiques et naturelles;
;72.19Z;Recherche-developpement en autres sciences physiques et naturelles;
;72.20;Recherche-developpement en sciences humaines et sociales;
;72.20Z;Recherche-developpement en sciences humaines et sociales;
;73.11;Activites des agences de publicite;
;73.11Z;Activites des agences de publicite;
;73.12;Regie publicitaire de medias;
;73.12Z;Regie publicitaire de medias;
;73.20;etudes de marche et sondages;
;73.20Z;etudes de marche et sondages;
;74.10;Activites specialisees de design;
;74.10Z;Activites specialisees de design;
;74.20;Activites photographiques;
;74.20Z;Activites photographiques;
;74.30;Traduction et interpretation;
;74.30Z;Traduction et interpretation;
;74.90;Autres activites specialisees, scientifiques et techniques n.c.a.;
;74.90A;Activite des economistes de la construction;
;74.90B;Activites specialisees, scientifiques et techniques diverses;
;75.00;Activites veterinaires;
;75.00Z;Activites veterinaires;
;77.11;Location et location-bail de voitures et de vehicules automobiles legers;
;77.11A;Location de courte duree de voitures et de vehicules automobiles legers;
;77.11B;Location de longue duree de voitures et de vehicules automobiles legers;
;77.12;Location et location-bail de camions;
;77.12Z;Location et location-bail de camions;
;77.21;Location et location-bail d'articles de loisirs et de sport ;
;77.21Z;Location et location-bail d'articles de loisirs et de sport ;
;77.22;Location de videocassettes et disques video;
;77.22Z;Location de videocassettes et disques video;
;77.29;Location et location-bail d'autres biens personnels et domestiques;
;77.29Z;Location et location-bail d'autres biens personnels et domestiques;
;77.31;Location et location-bail de machines et equipements agricoles;
;77.31Z;Location et location-bail de machines et equipements agricoles;
;77.32;Location et location-bail de machines et equipements pour la construction;
;77.32Z;Location et location-bail de machines et equipements pour la construction;
;77.33;Location et location-bail de machines de bureau et de materiel informatique;
;77.33Z;Location et location-bail de machines de bureau et de materiel informatique;
;77.34;Location et location-bail de materiels de transport par eau;
;77.34Z;Location et location-bail de materiels de transport par eau;
;77.35;Location et location-bail de materiels de transport aerien;
;77.35Z;Location et location-bail de materiels de transport aerien;
;77.39;Location et location-bail d'autres machines, equipements et biens materiels n.c.a. ;
;77.39Z;Location et location-bail d'autres machines, equipements et biens materiels n.c.a. ;
;77.40;Location-bail de propriete intellectuelle et de produits similaires, a l'exception des œuvres soumises a copyright;
;77.40Z;Location-bail de propriete intellectuelle et de produits similaires, a l'exception des œuvres soumises a copyright;
;78.10;Activites des agences de placement de main-d'œuvre ;
;78.10Z;Activites des agences de placement de main-d'œuvre ;
;78.20;Activites des agences de travail temporaire ;
;78.20Z;Activites des agences de travail temporaire ;
;78.30;Autre mise a disposition de ressources humaines;
;78.30Z;Autre mise a disposition de ressources humaines;
;79.11;Activites des agences de voyage;
;79.11Z;Activites des agences de voyage;
;79.12;Activites des voyagistes;
;79.12Z;Activites des voyagistes;
;79.90;Autres services de reservation et activites connexes;
;79.90Z;Autres services de reservation et activites connexes;
;80.10;Activites de securite privee ;
;80.10Z;Activites de securite privee ;
;80.20;Activites liees aux systemes de securite ;
;80.20Z;Activites liees aux systemes de securite ;
;80.30;Activites d'enquete;
;80.30Z;Activites d'enquete;
;81.10;Activites combinees de soutien lie aux batiments ;
;81.10Z;Activites combinees de soutien lie aux batiments ;
;81.21;Nettoyage courant des batiments;
;81.21Z;Nettoyage courant des batiments;
;81.22;Autres activites de nettoyage des batiments et nettoyage industriel;
;81.22Z;Autres activites de nettoyage des batiments et nettoyage industriel;
;81.29;Autres activites de nettoyage;
;81.29A;Desinfection, desinsectisation, deratisation;
;81.29B;Autres activites de nettoyage n.c.a.;
;81.30;Services d'amenagement paysager ;
;81.30Z;Services d'amenagement paysager ;
;82.11;Services administratifs combines de bureau;
;82.11Z;Services administratifs combines de bureau;
;82.19;Photocopie, preparation de documents et autres activites specialisees de soutien de bureau;
;82.19Z;Photocopie, preparation de documents et autres activites specialisees de soutien de bureau;
;82.20;Activites de centres d'appels;
;82.20Z;Activites de centres d'appels;
;82.30;Organisation de salons professionnels et congres;
;82.30Z;Organisation de foires, salons professionnels et congres;
;82.91;Activites des agences de recouvrement de factures et des societes d'information financiere sur la clientele;
;82.91Z;Activites des agences de recouvrement de factures et des societes d'information financiere sur la clientele;
;82.92;Activites de conditionnement;
;82.92Z;Activites de conditionnement;
;82.99;Autres activites de soutien aux entreprises n.c.a.;
;82.99Z;Autres activites de soutien aux entreprises n.c.a.;
;84.11;Administration publique generale;
;84.11Z;Administration publique generale;
;84.12;Administration publique (tutelle) de la sante, de la formation, de la culture et des services sociaux, autre que securite sociale ;
;84.12Z;Administration publique (tutelle) de la sante, de la formation, de la culture et des services sociaux, autre que securite sociale ;
;84.13;Administration publique (tutelle) des activites economiques;
;84.13Z;Administration publique (tutelle) des activites economiques;
;84.21;Affaires etrangeres;
;84.21Z;Affaires etrangeres;
;84.22;Defense;
;84.22Z;Defense;
;84.23;Justice;
;84.23Z;Justice;
;84.24;Activites d’ordre public et de securite;
;84.24Z;Activites d’ordre public et de securite;
;84.25;Services du feu et de secours;
;84.25Z;Services du feu et de secours;
;84.30;Securite sociale obligatoire;
;84.30A;Activites generales de securite sociale;
;84.30B;Gestion des retraites complementaires;
;84.30C;Distribution sociale de revenus;
;85.10;Enseignement pre-primaire;
;85.10Z;Enseignement pre-primaire;
;85.20;Enseignement primaire;
;85.20Z;Enseignement primaire;
;85.31;Enseignement secondaire general;
;85.31Z;Enseignement secondaire general;
;85.32;Enseignement secondaire technique ou professionnel;
;85.32Z;Enseignement secondaire technique ou professionnel;
;85.41;Enseignement post-secondaire non superieur;
;85.41Z;Enseignement post-secondaire non superieur;
;85.42;Enseignement superieur;
;85.42Z;Enseignement superieur;
;85.51;Enseignement de disciplines sportives et d'activites de loisirs;
;85.51Z;Enseignement de disciplines sportives et d'activites de loisirs;
;85.52;Enseignement culturel;
;85.52Z;Enseignement culturel;
;85.53;Enseignement de la conduite;
;85.53Z;Enseignement de la conduite;
;85.59;Enseignements divers;
;85.59A;Formation continue d'adultes;
;85.59B;Autres enseignements;
;85.60;Activites de soutien a l'enseignement;
;85.60Z;Activites de soutien a l'enseignement;
;86.10;Activites hospitalieres;
;86.10Z;Activites hospitalieres;
;86.21;Activite des medecins generalistes;
;86.21Z;Activite des medecins generalistes;
;86.22;Activite des medecins specialistes;
;86.22A;Activites de radiodiagnostic et de radiotherapie;
;86.22B;Activites chirurgicales;
;86.22C;Autres activites des medecins specialistes;
;86.23;Pratique dentaire;
;86.23Z;Pratique dentaire;
;86.90;Autres activites pour la sante humaine;
;86.90A;Ambulances;
;86.90B;Laboratoires d'analyses medicales;
;86.90C;Centres de collecte et banques d'organes;
;86.90D;Activites des infirmiers et des sages-femmes;
;86.90E;Activites des professionnels de la reeducation, de l’appareillage et des pedicures-podologues;
;86.90F;Activites de sante humaine non classees ailleurs;
;87.10;Hebergement medicalise;
;87.10A;Hebergement medicalise pour personnes agees;
;87.10B;Hebergement medicalise pour enfants handicapes ;
;87.10C;"Hebergement medicalise pour adultes handicapes et autre hebergement medicalise 
";
;87.20;Hebergement social pour personnes handicapees mentales, malades mentales et toxicomanes;
;87.20A;Hebergement social pour handicapes mentaux et malades mentaux ;
;87.20B;Hebergement social pour toxicomanes;
;87.30;Hebergement social pour personnes agees ou handicapees physiques ;
;87.30A;Hebergement social pour personnes agees;
;87.30B;Hebergement social pour handicapes  physiques;
;87.90;Autres activites d’hebergement social ;
;87.90A;Hebergement social pour enfants en difficultes ;
;87.90B;Hebergement social pour adultes et familles en difficultes et autre hebergement social ;
;88.10;Action sociale sans hebergement pour personnes agees et pour personnes handicapees ;
;88.10A;Aide a domicile  ;
;88.10B;Accueil ou accompagnement sans hebergement d’adultes handicapes ou de  personnes agees;
;88.10C;Aide par le travail ;
;88.91;Action sociale sans hebergement pour jeunes enfants;
;88.91A;Accueil de jeunes enfants;
;88.91B;Accueil ou accompagnement sans hebergement d’enfants handicapes;
;88.99;Autre action sociale sans hebergement n.c.a.;
;88.99A;"Autre accueil ou accompagnement sans hebergement d’enfants
 et d’adolescents
";
;88.99B;Action sociale sans hebergement n.c.a.;
;90.01;Arts du spectacle vivant;
;90.01Z;Arts du spectacle vivant;
;90.02;Activites de soutien au spectacle vivant;
;90.02Z;Activites de soutien au spectacle vivant;
;90.03;Creation artistique;
;90.03A;Creation artistique relevant des arts plastiques;
;90.03B;Autre creation artistique;
;90.04;Gestion de salles de spectacles;
;90.04Z;Gestion de salles de spectacles;
;91.01;Gestion des bibliotheques et des archives;
;91.01Z;Gestion des bibliotheques et des archives;
;91.02;Gestion des musees;
;91.02Z;Gestion des musees;
;91.03;Gestion des sites et monuments historiques et des attractions touristiques similaires;
;91.03Z;Gestion des sites et monuments historiques et des attractions touristiques similaires;
;91.04;Gestion des jardins botaniques et zoologiques et des reserves naturelles;
;91.04Z;Gestion des jardins botaniques et zoologiques et des reserves naturelles;
;92.00;Organisation de jeux de hasard et d'argent;
;92.00Z;Organisation de jeux de hasard et d'argent;
;93.11;Gestion d'installations sportives;
;93.11Z;Gestion d'installations sportives;
;93.12;Activites de clubs de sports;
;93.12Z;Activites de clubs de sports;
;93.13;Activites des centres de culture physique;
;93.13Z;Activites des centres de culture physique;
;93.19;Autres activites liees au sport;
;93.19Z;Autres activites liees au sport;
;93.21;Activites des parcs d'attractions et parcs a themes;
;93.21Z;Activites des parcs d'attractions et parcs a themes;
;93.29;Autres activites recreatives et de loisirs ;
;93.29Z;Autres activites recreatives et de loisirs;
;94.11;Activites des organisations patronales et consulaires;
;94.11Z;Activites des organisations patronales et consulaires;
;94.12;Activites des organisations professionnelles;
;94.12Z;Activites des organisations professionnelles;
;94.20;Activites des syndicats de salaries;
;94.20Z;Activites des syndicats de salaries;
;94.91;Activites des organisations religieuses;
;94.91Z;Activites des organisations religieuses;
;94.92;Activites des organisations politiques;
;94.92Z;Activites des organisations politiques;
;94.99;Activites des organisations associatives n.c.a.;
;94.99Z;Autres organisations fonctionnant par adhesion volontaire;
;95.11;Reparation d'ordinateurs et d'equipements peripheriques;
;95.11Z;Reparation d'ordinateurs et d'equipements peripheriques;
;95.12;Reparation d'equipements de communication;
;95.12Z;Reparation d'equipements de communication;
;95.21;Reparation de produits electroniques grand public;
;95.21Z;Reparation de produits electroniques grand public;
;95.22;Reparation d'appareils electromenagers et d'equipements pour la maison et le jardin;
;95.22Z;Reparation d'appareils electromenagers et d'equipements pour la maison et le jardin;
;95.23;Reparation de chaussures et d'articles en cuir;
;95.23Z;Reparation de chaussures et d'articles en cuir;
;95.24;Reparation de meubles et d'equipements du foyer;
;95.24Z;Reparation de meubles et d'equipements du foyer;
;95.25;Reparation d'articles d'horlogerie et de bijouterie;
;95.25Z;Reparation d'articles d'horlogerie et de bijouterie;
;95.29;Reparation d'autres biens personnels et domestiques;
;95.29Z;Reparation d'autres biens personnels et domestiques;
;96.01;Blanchisserie-teinturerie;
;96.01A;Blanchisserie-teinturerie de gros;
;96.01B;Blanchisserie-teinturerie de detail;
;96.02;Coiffure et soins de beaute;
;96.02A;Coiffure;
;96.02B;Soins de beaute;
;96.03;Services funeraires;
;96.03Z;Services funeraires;
;96.04;Entretien corporel;
;96.04Z;Entretien corporel;
;96.09;Autres services personnels n.c.a.;
;96.09Z;Autres services personnels n.c.a.;
;97.00;Activites des menages en tant qu'employeurs de personnel domestique;
;97.00Z;Activites des menages en tant qu'employeurs de personnel domestique;
;98.10;Activites indifferenciees des menages en tant que producteurs de biens pour usage propre;
;98.10Z;Activites indifferenciees des menages en tant que producteurs de biens pour usage propre;
;98.20;Activites indifferenciees des menages en tant que producteurs de services pour usage propre;
;98.20Z;Activites indifferenciees des menages en tant que producteurs de services pour usage propre;
;99.00;Activites des organisations et organismes extraterritoriaux;
;99.00Z;Activites des organisations et organismes extraterritoriaux;
